filename,width,height,class,xmin,ymin,xmax,ymax
apple212.jpg,600,345,apple,445,139,501,199
mcdonalds198.jpg,500,347,mcdonalds,247,125,300,170
apple216.jpg,675,600,apple,188,247,259,332
apple410.jpg,600,400,apple,451,77,498,128
a293.jpg,750,563,nike,392,294,452,329
mcdonalds147.jpg,600,600,mcdonalds,429,165,481,206
a289.jpg,510,340,nike,254,111,319,197
a381.jpg,275,183,nike,79,46,108,66
audi370.jpg,720,478,audi,388,240,487,290
a281.jpg,300,285,nike,139,124,242,159
audi402.jpg,766,714,audi,317,377,452,441
audi131.jpg,864,486,audi,122,215,227,266
a415.jpg,276,183,nike,89,96,136,121
apple239.jpg,840,400,apple,359,123,493,242
mcdonalds383.jpg,720,405,mcdonalds,484,162,562,238
a484.jpg,500,334,nike,299,166,380,219
a178.jpg,638,520,nike,438,276,559,334
mcdonalds238.jpg,844,1125,mcdonalds,292,755,587,900
a238.jpg,500,500,nike,348,222,458,290
mcdonalds96.jpg,720,405,mcdonalds,374,288,478,375
apple140.jpg,570,380,apple,396,181,462,263
mcdonalds281.jpg,771,506,mcdonalds,492,116,709,333
mcdonalds160.jpg,615,615,mcdonalds,250,203,358,294
a190.jpg,500,225,nike,170,84,334,161
apple469.jpg,600,600,apple,388,156,462,218
apple184.jpg,640,360,apple,361,117,400,169
apple340.jpg,675,380,apple,318,152,368,221
apple192.jpg,600,334,apple,118,83,171,142
a400.jpg,276,183,nike,104,130,130,146
audi101.jpg,580,435,audi,246,219,339,254
apple314.jpg,652,428,apple,95,178,118,203
mcdonalds291.jpg,400,266,mcdonalds,20,66,50,104
apple214.jpg,734,584,apple,534,219,618,343
apple428.jpg,660,372,apple,435,138,469,180
apple116.jpg,620,414,apple,316,82,375,143
apple189.jpg,650,365,apple,300,73,357,142
mcdonalds319.jpg,600,800,mcdonalds,377,289,557,462
mcdonalds353.jpg,306,432,mcdonalds,141,261,223,318
mcdonalds392.jpg,810,810,mcdonalds,346,434,486,566
mcdonalds262.jpg,750,469,mcdonalds,216,300,268,368
mcdonalds127.jpg,712,400,mcdonalds,418,45,511,114
apple271.jpg,720,405,apple,487,133,567,248
mcdonalds295.jpg,275,183,mcdonalds,7,34,55,77
audi406.jpg,675,506,audi,250,104,415,174
a267.jpg,600,600,nike,73,262,299,354
a271.jpg,275,183,nike,138,62,171,108
mcdonalds375.jpg,496,307,mcdonalds,201,155,267,200
apple370.jpg,466,466,apple,61,375,86,404
a203.jpg,225,225,nike,135,91,210,129
audi145.jpg,600,451,audi,142,229,234,268
mcdonalds266.jpg,754,450,mcdonalds,109,109,213,211
a344.jpg,225,225,nike,82,94,99,123
apple209.jpg,718,538,apple,270,225,345,313
mcdonalds99.jpg,612,415,mcdonalds,14,210,226,415
a230.jpg,259,195,nike,147,106,190,145
apple121.jpg,500,282,apple,222,57,265,104
apple453.jpg,740,416,apple,463,149,658,399
a279.jpg,225,225,nike,107,97,194,128
a173.jpg,448,358,nike,83,168,183,228
audi432.jpg,675,448,audi,275,223,364,263
pokemon-mcflurry-74.jpg,640,428,mcdonalds,547,232,600,273
apple315.jpg,652,428,apple,355,193,434,261
apple466.jpg,580,330,apple,467,140,504,185
a409.jpg,268,268,nike,126,188,159,210
a445.jpg,528,396,nike,212,249,239,272
audi233.jpg,702,395,audi,147,214,213,243
apple104.jpg,640,360,apple,214,130,258,178
a430.jpg,276,183,nike,110,96,163,122
mcdonalds229.jpg,0,0,mcdonalds,327,220,376,263
audi242.jpg,640,480,audi,266,286,381,330
apple148.jpg,750,562,apple,222,154,302,230
mcdonalds390.jpg,810,810,mcdonalds,481,442,656,576
mcdonalds219.jpg,750,375,mcdonalds,295,105,358,202
audi396.jpg,720,405,audi,281,114,369,178
a424.jpg,700,700,nike,277,352,371,414
mcdonalds343.jpg,889,667,mcdonalds,305,99,774,619
mcdonalds394.jpg,500,391,mcdonalds,261,164,312,203
apple243.jpg,720,405,apple,100,160,200,248
mcdonalds355.jpg,752,376,mcdonalds,495,278,566,330
audi122.jpg,580,435,audi,257,238,383,298
a332.jpg,310,310,nike,24,73,126,138
a109.jpg,445,445,nike,220,239,347,288
a438.jpg,507,354,nike,171,58,280,200
apple261.jpg,592,444,apple,355,284,432,374
a156.jpg,400,400,nike,178,101,289,159
mcdonalds332.jpg,650,400,mcdonalds,227,289,294,353
apple113.jpg,780,536,apple,343,153,410,208
apple106.jpg,640,360,apple,481,86,525,140
mcdonalds179.jpg,719,479,mcdonalds,330,115,399,183
mcdonalds220.jpg,750,563,mcdonalds,82,313,279,491
a280.jpg,225,225,nike,115,99,193,125
a293.jpg,750,563,nike,262,317,337,395
audi416.jpg,640,480,audi,245,236,340,283
mcdonalds144.jpg,675,492,mcdonalds,530,103,626,180
mcdonalds344.jpg,720,768,mcdonalds,196,29,598,359
audi304.jpg,750,380,audi,628,184,685,215
audi367.jpg,768,512,audi,318,232,444,278
a113.jpg,750,750,nike,90,342,325,440
pokemon-mcflurry-74.jpg,640,428,mcdonalds,310,230,367,276
audi374.jpg,620,414,audi,411,212,476,241
a208.jpg,600,600,nike,266,261,490,363
apple163.jpg,600,450,apple,326,182,363,219
apple261.jpg,592,444,apple,174,261,255,337
audi259.jpg,810,456,audi,359,254,449,293
apple290.jpg,592,444,apple,40,310,137,383
audi294.jpg,720,720,audi,397,50,509,106
mcdonalds283.jpg,0,0,mcdonalds,215,113,291,209
a422.jpg,242,208,nike,39,54,108,114
mcdonalds233.jpg,844,562,mcdonalds,551,111,607,166
audi308.jpg,810,456,audi,390,205,459,235
mcdonalds378.jpg,580,387,mcdonalds,245,204,304,255
mcdonalds291.jpg,400,266,mcdonalds,87,40,129,95
mcdonalds338.jpg,675,465,mcdonalds,378,133,529,290
a459.jpg,300,225,nike,29,121,111,157
mcdonalds386.jpg,720,405,mcdonalds,491,41,685,233
audi248.jpg,600,450,audi,266,287,345,317
audi449.jpg,675,448,audi,125,202,197,233
a147.jpg,500,500,nike,80,281,199,336
apple466.jpg,580,330,apple,192,34,250,84
audi335.jpg,768,432,audi,353,106,422,135
apple425.jpg,600,338,apple,261,84,315,144
audi331.jpg,768,576,audi,338,175,436,208
apple270.jpg,425,425,apple,123,158,161,212
a446.jpg,640,640,nike,209,155,294,313
mcdonalds200.jpg,640,360,mcdonalds,223,116,415,297
audi314.jpg,759,532,audi,479,296,562,333
a433.jpg,275,183,nike,169,94,225,129
a485.jpg,300,168,nike,88,65,145,86
apple295.jpg,780,466,apple,334,290,473,436
audi236.jpg,466,352,audi,182,162,273,202
mcdonalds306.jpg,0,0,mcdonalds,211,165,287,232
a375.jpg,194,259,nike,62,72,106,115
a254.jpg,800,800,nike,418,421,700,553
a143.jpg,196,258,nike,5,106,76,148
apple294.jpg,810,810,apple,466,349,644,483
audi401.jpg,720,405,audi,270,241,370,292
audi281.jpg,800,590,audi,274,339,338,374
audi371.jpg,700,430,audi,457,250,524,283
a126.jpg,489,489,nike,44,222,107,319
a125.jpg,768,512,nike,398,322,497,375
apple218.jpg,751,1125,apple,317,440,467,665
mcdonalds329.jpg,630,410,mcdonalds,235,74,295,124
apple459.jpg,624,318,apple,402,65,452,123
audi188.jpg,720,540,audi,564,314,639,350
a464.jpg,194,259,nike,116,86,177,122
apple169.jpg,744,744,apple,370,196,454,286
mcdonalds316.jpg,403,500,mcdonalds,305,218,361,251
mcdonalds308.jpg,644,483,mcdonalds,362,33,536,141
mcdonalds347.jpg,731,538,mcdonalds,348,62,684,330
apple195.jpg,500,334,apple,72,109,127,146
mcdonalds499.jpg,731,411,mcdonalds,137,84,396,331
apple113.jpg,780,536,apple,193,260,274,310
apple232.jpg,720,405,apple,318,160,411,246
mcdonalds294.jpg,712,483,mcdonalds,73,138,234,282
apple461.jpg,640,480,apple,164,122,270,226
a397.jpg,275,183,nike,62,60,141,86
audi212.jpg,731,562,audi,307,296,425,341
apple303.jpg,528,396,apple,135,113,179,172
a243.jpg,225,225,nike,107,110,176,136
audi333.jpg,690,390,audi,253,214,302,239
a222.jpg,875,875,nike,119,384,460,519
a114.jpg,483,483,nike,91,280,250,339
mcdonalds247.jpg,640,480,mcdonalds,253,301,384,406
apple226.jpg,720,405,apple,445,135,514,222
mcdonalds98.jpg,640,360,mcdonalds,45,221,108,270
audi338.jpg,810,538,audi,330,254,489,318
apple366.jpg,735,490,apple,426,151,511,283
mcdonalds363.jpg,480,480,mcdonalds,204,407,296,466
mcdonalds294.jpg,712,483,mcdonalds,485,144,527,214
apple375.jpg,259,194,apple,108,64,152,104
audi289.jpg,675,447,audi,137,236,207,267
audi92.jpg,640,480,audi,287,291,358,318
mcdonalds331.jpg,620,350,mcdonalds,237,254,304,302
apple458.jpg,600,337,apple,347,89,398,128
apple285.jpg,800,450,apple,273,206,362,299
mcdonalds167.jpg,780,438,mcdonalds,607,227,666,271
audi287.jpg,620,315,audi,156,2,473,108
a246.jpg,551,529,nike,151,216,197,292
apple92.jpg,640,360,apple,207,94,249,140
audi177.jpg,640,480,audi,215,272,296,303
a200.jpg,600,600,nike,187,249,378,353
apple334.jpg,775,500,apple,390,169,486,288
apple185.jpg,504,378,apple,306,132,368,174
a495.jpg,550,340,nike,481,84,518,107
mcdonalds192.jpg,0,0,mcdonalds,579,181,687,259
audi437.jpg,750,500,audi,446,252,556,306
audi181.jpg,826,619,audi,8,140,816,466
apple272.jpg,864,525,apple,550,197,632,288
a138.jpg,600,600,nike,73,256,344,380
audi309.jpg,720,480,audi,170,265,222,297
a410.jpg,600,600,nike,256,426,363,482
apple133.jpg,736,500,apple,224,168,290,219
a172.jpg,875,875,nike,125,385,465,521
mcdonalds148.jpg,660,441,mcdonalds,222,218,302,270
apple273.jpg,740,416,apple,154,171,241,236
audi190.jpg,528,396,audi,211,250,295,288
mcdonalds131.jpg,800,600,mcdonalds,344,416,479,563
audi180.jpg,640,480,audi,435,285,510,323
apple165.jpg,275,183,apple,105,105,154,143
audi241.jpg,800,446,audi,294,357,513,445
a310.jpg,800,644,nike,489,259,520,280
audi157.jpg,800,521,audi,293,258,479,343
mcdonalds369.jpg,800,600,mcdonalds,521,263,577,310
apple107.jpg,640,360,apple,201,155,236,200
mcdonalds269.jpg,728,410,mcdonalds,365,71,494,167
mcdonalds113.jpg,600,869,mcdonalds,89,556,440,864
a399.jpg,500,500,nike,41,191,200,257
audi144.jpg,800,600,audi,349,361,455,397
mcdonalds84.jpg,750,750,mcdonalds,1,535,197,687
mcdonalds354.jpg,768,432,mcdonalds,573,245,608,273
a409.jpg,268,268,nike,58,89,82,146
mcdonalds325.jpg,600,400,mcdonalds,346,11,415,69
a116.jpg,225,225,nike,86,105,165,137
audi387.jpg,766,714,audi,317,361,453,413
audi185.jpg,528,396,audi,143,234,212,262
apple163.jpg,600,450,apple,199,196,231,233
apple404.jpg,640,360,apple,296,103,337,159
apple252.jpg,675,506,apple,145,131,231,179
audi158.jpg,760,506,audi,339,275,422,310
a294.jpg,300,168,nike,73,68,143,106
mcdonalds191.jpg,600,480,mcdonalds,231,360,365,467
apple247.jpg,0,0,apple,197,186,306,308
apple374.jpg,700,466,apple,455,164,545,258
a210.jpg,800,800,nike,216,390,414,477
mcdonalds318.jpg,650,488,mcdonalds,312,257,392,313
a291.jpg,299,168,nike,104,73,189,117
mcdonalds313.jpg,712,475,mcdonalds,25,49,90,119
apple302.jpg,720,480,apple,190,201,264,262
mcdonalds359.jpg,468,351,mcdonalds,212,162,272,196
audi266.jpg,786,508,audi,367,159,449,186
apple240.jpg,683,513,apple,276,200,357,265
audi252.jpg,675,450,audi,109,131,549,303
audi138.jpg,225,225,audi,93,125,135,144
a169.jpg,600,600,nike,278,267,561,372
a444.jpg,507,425,nike,121,137,221,245
mcdonalds167.jpg,780,438,mcdonalds,376,283,438,328
a320.jpg,445,445,nike,175,237,311,291
apple147.jpg,600,338,apple,390,18,489,81
a272.jpg,640,640,nike,317,365,466,425
a495.jpg,550,340,nike,100,291,141,313
mcdonalds271.jpg,700,400,mcdonalds,77,104,119,150
a493.jpg,620,350,nike,37,150,174,219
audi423.jpg,580,400,audi,433,267,492,293
apple181.jpg,759,422,apple,216,123,287,199
mcdonalds165.jpg,800,450,mcdonalds,341,269,434,338
audi368.jpg,730,486,audi,138,268,209,305
mcdonalds237.jpg,810,382,mcdonalds,499,214,581,295
a178.jpg,638,520,nike,209,140,302,252
a159.jpg,259,194,nike,19,109,92,136
a108.jpg,445,445,nike,227,250,362,300
mcdonalds148.jpg,660,441,mcdonalds,372,138,431,192
mcdonalds166.jpg,338,450,mcdonalds,52,203,147,277
a345.jpg,550,550,nike,141,119,208,148
a475.jpg,585,585,nike,30,195,128,304
apple225.jpg,740,416,apple,593,134,644,199
audi229.jpg,0,0,audi,239,202,306,233
audi217.jpg,720,478,audi,395,240,482,284
a168.jpg,900,720,nike,164,335,528,472
mcdonalds251.jpg,750,422,mcdonalds,533,122,629,216
apple263.JPG,768,1024,apple,292,376,474,575
mcdonalds108.jpg,768,384,mcdonalds,345,211,420,272
a194.jpg,445,445,nike,86,200,251,286
audi245.jpg,720,540,audi,301,254,415,300
apple266.jpg,300,300,apple,127,127,170,182
a489.jpg,500,212,nike,99,113,251,166
a211.jpg,225,225,nike,96,97,215,138
a198.jpg,500,500,nike,307,270,455,374
apple136.jpg,600,450,apple,389,77,442,103
a121.jpg,225,225,nike,104,105,170,130
mcdonalds87.jpg,600,600,mcdonalds,389,452,531,581
mcdonalds202.jpg,0,0,mcdonalds,316,206,371,252
a460.jpg,300,300,nike,154,157,274,223
apple343.jpg,660,397,apple,172,133,239,183
apple370.jpg,466,466,apple,195,131,249,179
a284.jpg,880,487,nike,166,144,223,225
a125.jpg,768,512,nike,127,170,207,260
mcdonalds300.jpg,500,366,mcdonalds,156,51,256,138
apple205.jpg,740,416,apple,594,132,640,198
audi426.jpg,880,440,audi,388,143,496,198
apple153.jpg,585,355,apple,277,118,314,151
audi393.jpg,720,602,audi,284,317,394,366
mcdonalds253.jpg,830,467,mcdonalds,173,139,271,235
apple420.jpg,640,360,apple,159,188,232,239
apple238.jpg,660,450,apple,310,117,342,159
mcdonalds318.jpg,650,488,mcdonalds,488,237,548,284
audi438.jpg,800,533,audi,209,269,318,316
audi419.jpg,580,435,audi,245,218,324,249
apple145.jpg,770,433,apple,352,310,459,411
mcdonalds380.jpg,0,0,mcdonalds,183,131,256,190
apple360.jpg,700,525,apple,298,187,386,305
a278.jpg,818,451,nike,437,177,593,232
a490.jpg,540,540,nike,183,327,221,346
audi271.jpg,880,487,audi,218,55,725,451
audi409.jpg,810,456,audi,366,226,463,268
mcdonalds297.jpg,313,161,mcdonalds,240,76,273,100
audi443.jpg,759,506,audi,416,255,504,291
apple152.jpg,600,384,apple,101,69,153,113
apple378.jpg,675,506,apple,391,254,452,307
apple371.jpg,675,506,apple,141,222,218,307
apple262.jpg,800,450,apple,204,185,248,223
audi345.jpg,720,405,audi,294,156,425,202
audi238.jpg,640,479,audi,254,296,382,347
apple163.jpg,600,450,apple,466,159,514,206
audi385.jpg,675,450,audi,302,233,395,276
a421.jpg,500,299,nike,265,104,407,156
a195.jpg,240,240,nike,153,98,220,125
mcdonalds253.jpg,830,467,mcdonalds,622,3,701,75
a434.jpg,268,268,nike,211,181,225,206
apple431.jpg,600,400,apple,278,167,325,219
audi256.jpg,650,431,audi,259,177,386,234
apple465.jpg,720,960,apple,184,178,360,311
apple357.jpg,718,538,apple,322,108,453,224
apple459.jpg,624,318,apple,173,58,224,114
a135.jpg,196,258,nike,41,131,106,155
apple121.jpg,500,282,apple,395,59,431,107
audi179.jpg,640,480,audi,273,249,383,293
apple352.jpg,711,711,apple,260,226,509,452
apple136.jpg,600,450,apple,248,166,353,251
a373.jpg,640,360,nike,277,166,350,263
audi277.jpg,493,370,audi,226,132,297,164
audi100.jpg,580,435,audi,278,212,342,239
audi265.jpg,680,510,audi,359,251,440,291
apple144.jpg,500,281,apple,294,62,321,99
mcdonalds162.jpg,0,0,mcdonalds,173,235,266,303
a495.jpg,550,340,nike,481,292,523,313
a396.jpg,736,516,nike,125,95,185,262
apple265.jpg,768,432,apple,353,169,409,256
a261.jpg,900,900,nike,205,319,396,376
apple446.jpg,600,450,apple,122,127,182,178
mcdonalds161.jpg,480,325,mcdonalds,120,188,224,291
apple154.jpg,600,338,apple,330,160,407,227
mcdonalds154.jpg,338,450,mcdonalds,114,291,184,340
mcdonalds219.jpg,750,375,mcdonalds,492,167,618,288
mcdonalds374.jpg,0,0,mcdonalds,242,169,337,228
audi107.jpg,600,438,audi,163,231,233,270
apple467.jpg,600,450,apple,146,101,217,166
apple328.jpg,810,396,apple,504,114,549,204
apple416.jpg,600,400,apple,278,125,316,184
apple324.jpg,790,864,apple,356,425,445,545
audi264.jpg,745,480,audi,325,94,413,127
a165.jpg,500,500,nike,101,257,230,353
a479.jpg,258,196,nike,171,82,230,121
audi336.jpg,640,479,audi,252,299,383,345
apple273.jpg,740,416,apple,405,155,476,215
mcdonalds249.jpg,0,0,mcdonalds,294,1,401,94
a202.jpg,225,225,nike,136,95,205,125
a248.jpg,500,249,nike,231,120,371,164
apple112.jpg,500,282,apple,389,56,440,110
apple417.jpg,600,800,apple,201,206,311,330
audi433.jpg,580,435,audi,241,197,300,225
mcdonalds208.jpg,300,439,mcdonalds,116,183,178,239
mcdonalds355.jpg,752,376,mcdonalds,214,229,279,286
mcdonalds360.jpg,460,287,mcdonalds,155,99,218,149
mcdonalds157.jpg,0,0,mcdonalds,155,139,221,202
a372.jpg,640,360,nike,239,111,486,192
a364.jpg,800,800,nike,316,442,507,608
mcdonalds288.jpg,784,560,mcdonalds,539,98,615,165
a428.jpg,276,183,nike,98,117,160,142
audi320.jpg,528,396,audi,368,215,419,239
audi413.jpg,580,435,audi,241,187,363,237
a239.jpg,500,500,nike,349,224,457,289
audi417.jpg,810,254,audi,389,122,440,151
audi93.jpg,528,396,audi,241,214,297,237
mcdonalds153.jpg,390,280,mcdonalds,260,128,321,190
mcdonalds280.jpg,712,475,mcdonalds,362,87,456,164
apple106.jpg,640,360,apple,110,91,167,140
a120.jpg,500,500,nike,157,228,327,296
audi347.jpg,850,445,audi,93,215,173,248
a258.jpg,800,800,nike,67,471,280,634
a390.jpg,275,183,nike,163,82,230,131
apple251.jpg,800,533,apple,338,187,471,300
audi192.jpg,810,456,audi,389,176,451,198
a367.jpg,168,300,nike,73,104,107,117
apple236.jpg,799,1125,apple,262,442,499,699
mcdonalds324.jpg,652,367,mcdonalds,347,291,464,367
mcdonalds241.jpg,660,441,mcdonalds,374,138,427,191
a408.jpg,268,268,nike,50,86,76,149
audi372.jpg,700,430,audi,88,211,149,236
audi283.jpg,731,538,audi,396,196,446,219
audi297.jpg,860,450,audi,257,298,323,326
apple278.jpg,675,380,apple,240,160,297,223
mcdonalds340.jpg,675,490,mcdonalds,106,272,183,341
mcdonalds261.jpg,810,810,mcdonalds,191,478,366,653
audi213.jpg,720,360,audi,126,161,204,194
apple289.jpg,844,560,apple,348,224,476,331
apple111.jpg,690,920,apple,255,170,383,329
a471.jpg,738,406,nike,225,154,378,253
apple353.jpg,640,360,apple,316,106,393,200
audi211.jpg,686,412,audi,118,236,182,260
audi113.jpg,800,480,audi,604,252,685,291
apple110.jpg,480,320,apple,124,70,173,113
apple230.jpg,800,600,apple,253,267,367,357
apple298.jpg,720,405,apple,137,152,221,243
apple227.jpg,718,538,apple,260,233,347,313
apple428.jpg,660,372,apple,198,159,233,196
a345.jpg,550,550,nike,325,117,383,147
mcdonalds212.jpg,550,382,mcdonalds,234,190,333,279
apple329.jpg,616,347,apple,295,131,357,197
a497.jpg,751,501,nike,391,247,611,322
a401.jpg,276,183,nike,70,124,130,150
apple195.jpg,500,334,apple,365,79,400,119
audi230.jpg,720,540,audi,315,210,404,251
audi153.jpg,675,450,audi,288,197,387,237
a375.jpg,194,259,nike,94,118,116,140
apple94.jpg,640,360,apple,298,76,347,146
a229.jpg,225,225,nike,79,101,145,135
apple272.jpg,864,525,apple,181,243,292,312
apple125.jpg,500,333,apple,284,75,341,123
audi219.jpg,844,528,audi,94,72,715,431
a204.jpg,500,500,nike,83,175,179,265
apple241.jpg,380,400,apple,81,157,130,230
apple164.jpg,600,450,apple,225,64,266,104
mcdonalds299.jpg,800,450,mcdonalds,578,119,700,232
apple275.jpg,728,454,apple,441,190,530,269
mcdonalds106.jpg,480,360,mcdonalds,119,133,160,173
mcdonalds337.jpg,550,412,mcdonalds,131,37,187,92
audi119.jpg,580,435,audi,252,246,338,281
mcdonalds363.jpg,480,480,mcdonalds,102,133,148,178
a263.jpg,378,518,nike,103,375,183,409
apple202.jpg,425,425,apple,294,165,349,237
apple267.jpg,640,480,apple,286,195,367,286
audi114.jpg,640,480,audi,285,267,351,300
audi353.jpg,768,350,audi,212,31,633,336
a321.jpg,700,700,nike,198,271,272,345
mcdonalds282.jpg,675,382,mcdonalds,313,54,381,124
audi357.jpg,628,417,audi,60,47,574,382
a241.jpg,225,225,nike,130,115,194,141
audi405.jpg,720,405,audi,300,192,387,236
apple376.jpg,775,500,apple,327,181,422,283
a348.jpg,528,396,nike,311,175,381,248
apple471.jpg,499,600,apple,183,113,263,213
mcdonalds136.jpg,600,600,mcdonalds,171,27,236,85
a318.jpg,470,470,nike,83,198,233,286
apple119.jpg,540,540,apple,348,141,417,194
apple259.jpg,728,485,apple,261,194,322,275
audi384.jpg,800,634,audi,325,348,455,406
mcdonalds130.jpg,675,492,mcdonalds,101,56,229,175
a277.jpg,200,200,nike,26,97,76,138
mcdonalds296.jpg,290,174,mcdonalds,89,98,116,121
a346.jpg,512,512,nike,344,203,364,247
audi448.jpg,800,533,audi,356,169,428,194
apple432.jpg,512,328,apple,152,203,198,251
mcdonalds216.jpg,866,1390,mcdonalds,608,590,806,756
apple180.jpg,600,400,apple,276,91,329,156
apple173.jpg,600,334,apple,276,83,329,127
apple157.jpg,526,394,apple,157,110,227,172
audi363.jpg,768,512,audi,152,282,226,309
a115.jpg,800,800,nike,333,366,648,487
apple296.jpg,864,1152,apple,347,348,526,563
mcdonalds253.jpg,830,467,mcdonalds,548,250,615,317
a325.jpg,480,360,nike,318,174,410,243
apple199.jpg,640,360,apple,158,97,217,168
mcdonalds280.jpg,712,475,mcdonalds,2,155,299,421
mcdonalds286.jpg,800,533,mcdonalds,563,272,625,304
apple299.jpg,768,690,apple,376,249,484,388
a112.jpg,445,445,nike,227,235,352,286
audi356.jpg,750,500,audi,253,166,556,412
apple130.jpg,600,600,apple,274,123,330,214
a330.jpg,500,212,nike,102,115,251,163
a287.jpg,600,900,nike,357,160,414,284
mcdonalds377.jpg,640,428,mcdonalds,284,237,347,296
mcdonalds243.jpg,675,490,mcdonalds,246,106,434,303
mcdonalds373.jpg,640,428,mcdonalds,312,227,365,277
a447.jpg,528,396,nike,377,141,395,165
mcdonalds142.jpg,702,355,mcdonalds,428,271,518,351
mcdonalds189.jpg,750,601,mcdonalds,287,341,438,425
a342.jpg,470,470,nike,60,269,216,330
a315.jpg,674,674,nike,331,235,579,379
a381.jpg,275,183,nike,174,50,221,113
apple428.jpg,660,372,apple,317,144,346,186
audi361.jpg,600,438,audi,243,253,304,283
audi444.jpg,675,447,audi,294,240,387,274
audi135.jpg,720,405,audi,308,197,416,247
a122.jpg,225,225,nike,50,104,121,134
apple173.jpg,600,334,apple,426,81,475,134
audi344.jpg,720,405,audi,304,199,412,240
a403.jpg,276,183,nike,40,128,78,151
apple132.jpg,720,480,apple,62,209,214,316
apple226.jpg,720,405,apple,147,170,212,239
mcdonalds265.jpg,620,350,mcdonalds,281,169,362,273
a335.jpg,292,292,nike,223,196,253,218
a170.jpg,800,800,nike,196,391,450,485
a227.jpg,225,225,nike,25,109,67,144
mcdonalds369.jpg,800,600,mcdonalds,326,312,413,380
audi420.jpg,480,360,audi,201,196,278,232
mcdonalds330.jpg,864,576,mcdonalds,745,163,807,227
apple433.jpg,605,506,apple,302,135,382,204
audi313.jpg,810,506,audi,538,272,603,302
apple316.jpg,775,500,apple,397,186,484,314
audi439.jpg,640,480,audi,276,272,372,307
audi329.jpg,720,405,audi,279,147,440,218
mcdonalds252.jpg,460,297,mcdonalds,40,1,135,113
mcdonalds174.jpg,600,360,mcdonalds,400,181,449,216
audi207.jpg,864,574,audi,366,286,512,343
apple268.jpg,675,900,apple,249,355,433,524
a396.jpg,736,516,nike,278,334,432,404
a123.jpg,512,512,nike,62,218,252,300
audi366.jpg,768,512,audi,328,245,464,307
mcdonalds128.jpg,0,0,mcdonalds,124,184,177,232
apple221.jpg,450,349,apple,286,138,355,223
audi189.jpg,844,562,audi,647,327,733,370
mcdonalds333.jpg,675,490,mcdonalds,184,303,254,373
audi254.jpg,720,405,audi,87,84,597,293
mcdonalds132.jpg,0,0,mcdonalds,329,428,407,511
mcdonalds256.jpg,493,336,mcdonalds,43,17,117,79
apple152.jpg,600,384,apple,337,68,385,107
apple245.jpg,675,900,apple,252,306,462,574
apple451.jpg,518,757,apple,224,157,330,241
apple277.jpg,728,485,apple,255,199,330,271
a413.jpg,300,300,nike,58,145,175,187
a303.jpg,500,393,nike,295,232,453,308
mcdonalds258.jpg,810,456,mcdonalds,395,21,479,103
mcdonalds346.jpg,731,538,mcdonalds,55,42,480,428
apple253.jpg,728,485,apple,197,197,257,282
a155.jpg,505,505,nike,313,241,421,294
apple220.jpg,640,372,apple,401,142,467,208
audi446.jpg,720,440,audi,164,212,227,240
a232.jpg,275,183,nike,91,57,155,118
mcdonalds114.jpg,495,640,mcdonalds,158,388,355,550
apple321.jpg,675,380,apple,321,142,403,233
mcdonalds334.jpg,540,540,mcdonalds,83,405,154,487
audi203.jpg,768,512,audi,318,233,453,284
mcdonalds178.jpg,0,0,mcdonalds,110,221,160,264
mcdonalds331.jpg,620,350,mcdonalds,125,129,194,184
apple290.jpg,592,444,apple,488,36,581,124
mcdonalds302.jpg,675,450,mcdonalds,116,278,201,347
audi123.jpg,681,540,audi,306,323,430,374
apple163.jpg,600,450,apple,80,201,122,227
audi332.jpg,675,450,audi,265,234,315,265
mcdonalds213.jpg,0,0,mcdonalds,197,162,273,230
audi184.jpg,528,396,audi,248,207,345,245
apple476.jpg,718,699,apple,330,162,423,264
mcdonalds210.jpg,750,375,mcdonalds,491,168,620,293
apple336.jpg,720,405,apple,166,206,261,279
audi286.jpg,800,600,audi,363,383,487,431
a443.jpg,266,190,nike,61,95,90,109
apple349.jpg,717,393,apple,341,130,456,197
apple365.jpg,720,480,apple,319,191,390,268
audi167.jpg,768,512,audi,315,259,456,325
a359.jpg,640,360,nike,296,152,404,202
a301.jpg,207,243,nike,68,126,104,148
apple462.jpg,618,386,apple,141,228,233,309
apple252.jpg,675,506,apple,301,224,384,307
apple306.jpg,600,800,apple,234,329,369,461
apple256.jpg,555,314,apple,113,87,203,151
mcdonalds291.jpg,400,266,mcdonalds,234,1,338,79
apple95.jpg,640,360,apple,378,74,439,153
audi205.jpg,768,512,audi,316,231,452,279
a437.jpg,168,300,nike,95,58,140,81
audi341.jpg,674,380,audi,476,192,548,221
mcdonalds112.jpg,750,563,mcdonalds,417,347,486,408
a468.jpg,480,240,nike,256,183,308,206
a256.jpg,225,225,nike,115,110,164,135
audi351.jpg,675,380,audi,206,159,260,182
mcdonalds348.jpg,720,401,mcdonalds,369,207,407,241
a182.jpg,800,800,nike,280,654,350,726
a111.jpg,445,445,nike,257,230,388,285
a492.jpg,320,320,nike,205,138,296,196
apple151.jpg,728,409,apple,281,141,347,190
a309.jpg,300,450,nike,92,226,151,251
audi327.jpg,642,320,audi,491,162,536,183
a328.jpg,480,360,nike,312,179,412,254
audi96.jpg,600,450,audi,282,288,366,321
mcdonalds356.jpg,844,562,mcdonalds,418,307,509,369
mcdonalds135.jpg,682,1023,mcdonalds,289,384,403,488
mcdonalds365.jpg,780,439,mcdonalds,679,205,741,243
audi172.jpg,640,414,audi,257,134,390,188
apple364.jpg,750,424,apple,454,285,540,404
a458.jpg,259,195,nike,136,56,185,126
apple244.jpg,592,592,apple,176,228,277,362
audi350.jpg,730,511,audi,466,281,535,310
a221.jpg,500,334,nike,119,148,244,254
mcdonalds246.jpg,768,1024,mcdonalds,315,404,470,524
audi1323.jpg,720,405,audi,311,245,408,291
a343.jpg,580,526,nike,63,231,305,303
mcdonalds311.jpg,0,0,mcdonalds,40,22,84,60
apple359.jpg,600,600,apple,242,205,375,356
a253.jpg,276,183,nike,132,69,192,101
mcdonalds82.jpg,844,568,mcdonalds,527,390,623,484
mcdonalds106.jpg,480,360,mcdonalds,320,138,360,176
audi380.jpg,800,664,audi,349,377,495,446
audi273.jpg,675,382,audi,495,95,551,122
mcdonalds143.jpg,800,1275,mcdonalds,600,656,723,787
apple188.jpg,640,359,apple,326,114,379,178
mcdonalds104.jpg,675,450,mcdonalds,277,267,400,370
a354.jpg,225,225,nike,156,136,196,157
a481.jpg,620,350,nike,44,164,201,308
a477.jpg,480,360,nike,309,134,445,201
apple434.jpg,600,400,apple,259,166,343,267
audi364.jpg,768,512,audi,307,252,444,308
a128.jpg,600,900,nike,377,497,526,561
mcdonalds91.jpg,450,450,mcdonalds,176,266,272,348
apple262.jpg,800,450,apple,320,148,380,196
audi428.jpg,864,576,audi,388,350,479,392
a236.jpg,225,225,nike,155,80,203,119
mcdonalds193.jpg,670,415,mcdonalds,321,178,381,235
a337.jpg,550,550,nike,309,286,429,360
audi159.jpg,864,574,audi,433,268,536,310
mcdonalds217.jpg,731,538,mcdonalds,249,238,330,302
mcdonalds334.jpg,540,540,mcdonalds,228,42,275,76
apple467.jpg,600,450,apple,374,84,457,141
apple305.jpg,600,1067,apple,235,362,387,492
a465.jpg,275,183,nike,110,41,127,85
a127.jpg,225,224,nike,106,59,170,102
audi106.jpg,600,338,audi,206,188,297,223
a351.jpg,348,145,nike,107,58,134,90
a484.jpg,500,334,nike,121,165,223,221
mcdonalds371.jpg,580,387,mcdonalds,234,8,353,134
a177.jpg,500,273,nike,64,98,181,169
audi204.jpg,768,512,audi,311,252,447,300
audi440.jpg,640,509,audi,309,302,401,338
a353.jpg,525,375,nike,214,290,234,303
apple273.jpg,740,416,apple,588,134,649,189
mcdonalds187.jpg,496,307,mcdonalds,204,157,266,199
mcdonalds286.jpg,800,533,mcdonalds,742,279,800,304
mcdonalds241.jpg,660,441,mcdonalds,221,217,303,267
a429.jpg,510,340,nike,232,119,300,200
apple262.jpg,800,450,apple,515,199,555,235
apple192.jpg,600,334,apple,418,84,490,135
a472.jpg,250,250,nike,95,133,222,168
a162.jpg,225,225,nike,134,81,205,133
apple311.jpg,735,490,apple,317,184,388,263
audi343.jpg,720,440,audi,184,238,260,264
mcdonalds376.jpg,639,425,mcdonalds,322,246,471,359
mcdonalds97.jpg,720,405,mcdonalds,133,275,234,356
audi447.jpg,720,405,audi,297,141,448,202
audi182.jpg,800,600,audi,38,90,731,375
apple238.jpg,660,450,apple,481,112,517,156
apple406.jpg,660,372,apple,233,110,280,154
apple101.jpg,706,540,apple,315,140,391,209
mcdonalds251.jpg,750,422,mcdonalds,341,48,417,130
audi377.jpg,400,267,audi,151,150,229,180
a363.jpg,300,300,nike,71,172,136,190
apple195.jpg,500,334,apple,232,103,264,132
apple167.jpg,640,360,apple,425,98,460,150
apple325.jpg,864,576,apple,434,215,528,303
pokemon-mcflurry-74.jpg,640,428,mcdonalds,225,220,262,248
audi95.jpg,640,480,audi,279,193,355,222
apple335.jpg,775,500,apple,335,189,417,291
a350.jpg,300,300,nike,33,130,146,170
apple124.jpg,480,270,apple,82,117,115,145
a314.jpg,580,526,nike,177,258,362,346
audi382.jpg,699,695,audi,286,365,411,419
mcdonalds223.jpg,0,0,mcdonalds,105,109,196,203
mcdonalds231.jpg,550,309,mcdonalds,309,140,356,185
audi239.jpg,493,370,audi,194,206,293,245
a339.jpg,275,183,nike,90,56,155,118
mcdonalds239.jpg,600,400,mcdonalds,409,252,532,351
mcdonalds204.jpg,793,485,mcdonalds,639,210,690,256
a145.jpg,251,201,nike,69,73,141,107
apple224.jpg,776,674,apple,343,250,438,352
mcdonalds137.jpg,810,810,mcdonalds,384,443,555,603
mcdonalds102.jpg,750,750,mcdonalds,260,248,322,304
a106.jpg,600,600,nike,79,239,336,364
a440.jpg,384,384,nike,89,226,124,309
a288.jpg,250,250,nike,41,112,112,141
mcdonalds122.jpg,360,277,mcdonalds,245,75,301,127
a119.jpg,900,720,nike,104,292,445,426
a411.jpg,268,268,nike,188,96,221,157
audi160.jpg,720,405,audi,340,229,448,266
apple156.jpg,526,394,apple,151,108,209,171
mcdonalds94.jpg,720,405,mcdonalds,431,275,601,400
mcdonalds251.jpg,750,422,mcdonalds,132,95,170,145
mcdonalds178.jpg,0,0,mcdonalds,266,156,331,215
apple400.jpg,705,470,apple,465,170,529,231
apple127.jpg,600,330,apple,257,136,315,192
apple225.jpg,740,416,apple,181,176,235,237
apple123.jpg,770,577,apple,30,294,183,403
apple403.jpg,640,360,apple,468,171,526,226
mcdonalds171.jpg,675,413,mcdonalds,270,217,367,291
audi421.jpg,528,396,audi,269,285,370,328
mcdonalds195.JPG,353,329,mcdonalds,158,203,210,241
a308.jpg,533,512,nike,243,368,357,412
apple104.jpg,640,360,apple,387,112,428,146
audi108.jpg,580,435,audi,258,296,324,325
a397.jpg,275,183,nike,164,83,232,126
apple458.jpg,600,337,apple,168,82,223,133
apple257.jpg,720,405,apple,164,170,242,242
apple156.jpg,526,394,apple,320,109,366,153
audi415.jpg,810,456,audi,413,282,478,308
a217.jpg,500,255,nike,160,97,316,194
a365.jpg,700,800,nike,277,371,407,474
a338.jpg,550,550,nike,47,179,231,245
apple173.jpg,600,334,apple,120,89,172,130
apple124.jpg,480,270,apple,201,82,238,113
apple437.jpg,540,540,apple,234,205,312,257
audi98.jpg,640,480,audi,312,274,407,311
mcdonalds373.jpg,640,428,mcdonalds,85,221,134,263
audi176.jpg,720,540,audi,533,250,610,293
mcdonalds146.jpg,675,510,mcdonalds,259,311,429,453
mcdonalds352.jpg,0,0,mcdonalds,295,147,345,190
audi269.jpg,687,386,audi,450,27,535,68
audi232.jpg,810,456,audi,211,245,284,274
audi152.jpg,800,600,audi,491,297,599,335
a215.jpg,445,445,nike,223,243,347,291
a453.jpg,532,800,nike,234,381,299,428
audi133.jpg,810,456,audi,358,268,462,310
apple255.jpg,775,500,apple,365,204,473,291
mcdonalds372.jpg,500,500,mcdonalds,209,271,302,338
apple307.jpg,810,540,apple,360,225,474,336
mcdonalds345.jpg,844,620,mcdonalds,166,48,684,476
apple199.jpg,640,360,apple,425,122,474,193
a456.jpg,600,338,nike,386,113,457,143
apple92.jpg,640,360,apple,307,85,361,124
apple435.jpg,512,342,apple,387,69,471,142
a400.jpg,276,183,nike,187,87,222,119
a476.jpg,480,360,nike,311,134,421,212
apple196.jpg,600,450,apple,456,99,506,154
mcdonalds377.jpg,640,428,mcdonalds,51,229,111,285
mcdonalds170.jpg,750,1000,mcdonalds,306,506,455,628
audi194.jpg,750,500,audi,304,250,439,298
mcdonalds277.jpg,864,574,mcdonalds,504,352,585,428
apple208.jpg,778,519,apple,336,155,419,250
a398.jpg,194,259,nike,41,49,65,112
mcdonalds290.jpg,852,480,mcdonalds,89,61,303,273
apple457.jpg,504,378,apple,48,102,94,142
a219.jpg,253,199,nike,31,90,95,139
a390.jpg,275,183,nike,63,61,141,88
mcdonalds92.jpg,810,382,mcdonalds,493,210,585,288
mcdonalds268.jpg,678,382,mcdonalds,8,158,158,318
mcdonalds123.jpg,340,350,mcdonalds,244,92,294,133
audi311.jpg,718,513,audi,210,237,290,268
apple465.jpg,720,960,apple,521,241,641,341
apple181.jpg,759,422,apple,371,110,431,167
a461.jpg,225,225,nike,27,106,98,136
apple344.jpg,768,488,apple,192,151,285,223
audi403.jpg,861,574,audi,348,397,494,458
a391.jpg,275,183,nike,53,115,91,136
apple402.jpg,705,470,apple,482,208,563,308
apple314.jpg,652,428,apple,281,183,354,241
apple293.jpg,709,472,apple,122,193,198,276
apple443.jpg,782,593,apple,176,152,237,208
apple331.jpg,766,461,apple,349,146,430,243
apple448.jpg,720,524,apple,337,130,405,201
mcdonalds155.jpg,821,821,mcdonalds,423,431,575,573
audi369.jpg,675,380,audi,257,205,320,239
audi164.jpg,675,450,audi,229,229,312,263
mcdonalds98.jpg,640,360,mcdonalds,372,290,413,315
a404.jpg,276,183,nike,159,84,210,125
a444.jpg,507,425,nike,301,161,404,282
a305.jpg,460,460,nike,219,243,353,309
a107.jpg,240,240,nike,91,113,141,137
audi129.jpg,640,480,audi,263,220,399,275
audi346.jpg,844,633,audi,354,365,493,415
mcdonalds186.jpg,580,461,mcdonalds,245,251,338,320
apple468.jpg,637,478,apple,188,124,238,184
a201.jpg,225,225,nike,42,99,118,131
a161.jpg,445,445,nike,221,264,320,297
mcdonalds102.jpg,750,750,mcdonalds,438,256,530,332
audi285.jpg,718,538,audi,305,147,425,204
audi228.jpg,675,447,audi,292,45,381,85
apple168.jpg,640,360,apple,184,90,247,142
mcdonalds321.jpg,500,350,mcdonalds,90,133,149,207
a133.jpg,295,295,nike,145,135,233,175
mcdonalds147.jpg,600,600,mcdonalds,374,400,421,439
a224.jpg,580,526,nike,196,243,263,290
mcdonalds203.jpg,683,1024,mcdonalds,331,263,472,411
apple150.jpg,620,410,apple,312,119,461,236
apple203.jpg,640,373,apple,400,142,457,212
mcdonalds183.jpg,670,415,mcdonalds,265,231,359,297
mcdonalds338.jpg,675,465,mcdonalds,327,271,376,304
audi183.jpg,818,548,audi,491,307,590,358
audi197.jpg,800,448,audi,349,235,454,275
audi156.jpg,750,500,audi,251,200,366,249
audi150.jpg,810,456,audi,357,209,456,255
a146.jpg,600,600,nike,295,248,518,348
apple400.jpg,705,470,apple,300,146,349,196
audi195.jpg,600,450,audi,261,210,381,258
audi300.jpg,810,456,audi,511,230,619,270
mcdonalds174.jpg,600,360,mcdonalds,165,182,208,215
mcdonalds373.jpg,640,428,mcdonalds,547,235,601,274
a442.jpg,200,200,nike,45,116,70,132
apple213.jpg,800,600,apple,227,201,310,301
a466.jpg,784,784,nike,177,371,357,520
a436.jpg,528,396,nike,286,118,333,193
a420.jpg,240,240,nike,22,141,183,169
apple174.jpg,720,491,apple,135,106,202,169
a432.jpg,750,497,nike,431,164,697,281
a499.jpg,750,500,nike,409,222,626,297
apple117.jpg,640,360,apple,152,192,189,232
mcdonalds277.jpg,864,574,mcdonalds,626,295,685,353
a326.jpg,436,300,nike,301,107,390,172
a377.jpg,276,183,nike,46,101,136,131
apple178.jpg,640,360,apple,282,137,387,263
a311.jpg,800,352,nike,333,175,502,234
apple284.jpg,844,495,apple,458,173,527,259
audi278.jpg,0,0,audi,167,275,228,301
audi105.jpg,640,480,audi,444,287,523,331
apple191.jpg,640,360,apple,387,112,444,169
apple463.jpg,700,1041,apple,279,242,467,422
mcdonalds329.jpg,630,410,mcdonalds,360,221,447,303
mcdonalds365.jpg,780,439,mcdonalds,482,280,548,338
apple225.jpg,740,416,apple,410,161,487,229
apple445.jpg,660,495,apple,299,80,390,138
mcdonalds348.jpg,720,401,mcdonalds,203,98,330,221
a467.jpg,330,413,nike,29,241,110,287
apple363.jpg,770,433,apple,361,159,426,220
apple429.jpg,512,284,apple,230,121,282,159
apple466.jpg,580,330,apple,326,92,379,154
mcdonalds156.jpg,510,340,mcdonalds,106,206,144,236
mcdonalds121.jpg,0,0,mcdonalds,160,41,299,169
mcdonalds385.jpg,720,405,mcdonalds,262,152,347,216
apple193.jpg,540,370,apple,172,87,222,152
a431.jpg,275,183,nike,69,68,141,94
audi136.jpg,675,338,audi,171,165,234,196
a214.jpg,900,720,nike,305,331,551,460
apple262.jpg,800,450,apple,139,267,179,299
a493.jpg,620,350,nike,346,153,444,197
audi317.jpg,640,427,audi,106,228,176,258
a231.jpg,770,480,nike,673,339,732,382
audi323.jpg,767,431,audi,397,250,499,289
a158.jpg,500,329,nike,177,95,330,155
audi307.jpg,675,506,audi,306,212,368,244
mcdonalds141.jpg,806,378,mcdonalds,488,260,573,330
audi280.jpg,720,405,audi,183,174,261,211
a495.jpg,550,340,nike,294,82,331,107
apple473.jpg,640,427,apple,394,97,444,156
apple164.jpg,600,450,apple,320,67,363,98
a419.jpg,240,240,nike,44,122,134,158
apple115.jpg,600,450,apple,337,94,383,143
a482.jpg,300,300,nike,151,120,281,165
audi298.jpg,889,500,audi,704,210,788,250
mcdonalds275.jpg,765,430,mcdonalds,124,40,192,93
audi178.jpg,580,435,audi,251,214,345,252
audi125.jpg,580,435,audi,205,282,283,318
mcdonalds389.jpg,674,675,mcdonalds,247,328,342,415
mcdonalds225.jpg,800,876,mcdonalds,184,305,282,399
audi411.jpg,844,475,audi,362,108,468,151
mcdonalds172.jpg,720,406,mcdonalds,406,221,478,273
apple246.jpg,275,320,apple,108,116,184,190
audi390.jpg,766,714,audi,310,379,453,433
apple191.jpg,640,360,apple,187,109,254,167
apple126.jpg,480,270,apple,251,84,282,117
a319.jpg,500,500,nike,335,197,466,310
a192.jpg,240,240,nike,160,109,221,141
mcdonalds163.jpg,720,432,mcdonalds,276,227,342,329
apple407.jpg,700,827,apple,389,294,465,417
mcdonalds396.jpg,810,1440,mcdonalds,195,539,565,856
mcdonalds125.jpg,0,0,mcdonalds,388,186,488,303
apple413.jpg,600,400,apple,412,113,461,174
apple109.jpg,600,338,apple,352,78,401,143
mcdonalds125.jpg,0,0,mcdonalds,170,157,249,291
a159.jpg,259,194,nike,140,91,189,128
mcdonalds173.jpg,600,824,mcdonalds,258,524,361,595
mcdonalds315.jpg,726,498,mcdonalds,335,295,403,364
apple297.jpg,718,538,apple,269,231,346,310
apple117.jpg,640,360,apple,281,77,329,115
audi117.jpg,640,480,audi,268,240,358,275
a302.jpg,287,430,nike,93,280,123,298
a490.jpg,540,540,nike,265,232,385,298
apple167.jpg,640,360,apple,241,107,296,149
apple164.jpg,600,450,apple,228,248,259,291
a176.jpg,395,253,nike,232,113,307,178
audi97.jpg,528,396,audi,233,207,298,228
apple447.jpg,782,521,apple,242,123,307,190
apple432.jpg,512,328,apple,265,71,320,143
mcdonalds227.jpg,852,852,mcdonalds,293,269,467,421
apple91.jpg,640,360,apple,287,95,335,144
apple205.jpg,740,416,apple,178,177,242,238
mcdonalds386.jpg,720,405,mcdonalds,195,224,245,255
a244.jpg,674,674,nike,77,283,322,395
a408.jpg,268,268,nike,111,186,162,215
audi354.jpg,720,392,audi,114,54,596,345
a255.jpg,750,750,nike,155,371,400,478
a433.jpg,275,183,nike,65,59,140,87
mdonalds203.jpg,675,717,mcdonalds,273,359,417,509
audi215.jpg,852,639,audi,422,168,506,207
apple274.jpg,750,424,apple,188,147,270,217
audi165.jpg,640,480,audi,263,248,373,293
audi306.jpg,750,563,audi,285,238,465,307
a240.jpg,800,500,nike,363,241,549,307
apple162.jpg,750,563,apple,226,152,291,214
a374.jpg,480,360,nike,180,212,222,243
mcdonalds243.jpg,675,490,mcdonalds,160,243,237,318
apple222.jpg,600,600,apple,381,244,440,336
mcdonalds263.jpg,810,458,mcdonalds,481,22,641,174
a380.jpg,275,183,nike,160,53,216,121
audi316.jpg,800,530,audi,506,349,579,381
mcdonalds152.jpg,768,688,mcdonalds,461,317,545,395
a452.jpg,511,719,nike,241,415,386,522
apple438.jpg,640,360,apple,519,85,574,156
mcdonalds325.jpg,600,400,mcdonalds,135,182,233,290
mcdonalds85.jpg,750,563,mcdonalds,215,91,305,159
a455.jpg,620,467,nike,242,64,375,179
apple162.jpg,750,563,apple,445,189,491,249
a427.jpg,225,225,nike,45,79,90,126
a127.jpg,225,224,nike,11,115,92,164
apple120.jpg,770,434,apple,353,121,421,203
apple378.jpg,675,506,apple,549,254,600,307
audi142.jpg,675,450,audi,289,211,384,248
mcdonalds158.jpg,0,0,mcdonalds,315,251,387,302
audi253.jpg,670,365,audi,241,189,489,309
mcdonalds278.jpg,731,538,mcdonalds,415,174,512,257
a327.jpg,550,483,nike,297,85,500,309
mcdonalds190.jpg,675,900,mcdonalds,362,415,488,553
apple190.jpg,728,455,apple,338,127,407,196
a411.jpg,268,268,nike,89,187,134,207
a470.jpg,300,168,nike,94,81,113,119
apple322.jpg,720,405,apple,518,173,578,228
apple176.jpg,704,382,apple,412,85,487,149
apple378.jpg,675,506,apple,236,255,280,307
apple323.jpg,720,405,apple,434,166,489,222
audi173.jpg,800,533,audi,323,310,417,341
apple409.jpg,512,288,apple,248,42,299,73
mcdonalds387.jpg,810,979,mcdonalds,311,439,477,592
a386.jpg,300,300,nike,71,174,126,217
mcdonalds88.jpg,768,404,mcdonalds,451,262,538,334
a180.jpg,225,225,nike,178,121,216,163
audi429.jpg,607,402,audi,267,201,340,227
mcdonalds390.jpg,810,810,mcdonalds,116,205,241,312
mcdonalds320.jpg,728,563,mcdonalds,393,203,485,275
mcdonalds109.jpg,744,310,mcdonalds,255,205,348,291
apple457.jpg,504,378,apple,181,93,214,139
a457.jpg,788,442,nike,250,180,360,317
audi171.jpg,700,464,audi,263,218,406,280
a290.jpg,750,500,nike,367,335,455,375
audi267.jpg,640,480,audi,276,181,359,211
audi127.jpg,800,800,audi,329,349,586,472
mcdonalds181.jpg,720,720,mcdonalds,401,448,506,509
a379.jpg,275,183,nike,161,86,233,131
mcdonalds373.jpg,640,428,mcdonalds,224,217,261,257
a316.jpg,244,206,nike,110,34,222,149
audi392.jpg,766,766,audi,315,406,452,458
a251.jpg,900,443,nike,226,171,456,262
a498.jpg,700,468,nike,499,251,619,346
mcdonalds199.jpg,427,640,mcdonalds,156,318,246,392
audi128.jpg,800,800,audi,290,293,409,352
audi284.jpg,735,413,audi,319,172,392,202
mcdonalds110.jpg,390,280,mcdonalds,43,110,98,161
apple170.jpg,480,270,apple,243,88,295,140
a128.jpg,600,900,nike,266,603,381,686
mcdonalds304.jpg,550,413,mcdonalds,191,88,240,131
a480.jpg,674,674,nike,433,239,621,368
a380.jpg,275,183,nike,71,55,108,78
apple280.jpg,844,660,apple,369,264,495,389
a223.jpg,225,225,nike,108,96,191,130
apple243.jpg,720,405,apple,527,166,596,249
apple198.jpg,549,309,apple,329,70,374,119
a478.jpg,259,194,nike,150,72,219,127
a179.jpg,570,450,nike,157,237,295,348
a307.jpg,500,750,nike,204,393,258,420
mcdonalds244.jpg,810,456,mcdonalds,496,139,564,202
mcdonalds298.jpg,300,168,mcdonalds,245,20,300,67
mcdonalds109.jpg,744,310,mcdonalds,442,197,531,278
mcdonalds277.jpg,864,574,mcdonalds,120,96,188,175
audi427.jpg,640,480,audi,269,272,367,308
apple317.jpg,775,500,apple,355,189,446,281
apple103.jpg,702,600,apple,485,147,542,213
mcdonalds192.jpg,0,0,mcdonalds,201,221,308,313
apple179.jpg,640,360,apple,391,93,456,159
apple254.jpg,620,400,apple,297,157,353,218
apple342.jpg,768,690,apple,360,252,508,365
a196.jpg,300,300,nike,145,141,244,182
audi399.jpg,720,405,audi,348,258,430,296
audi312.jpg,675,450,audi,465,214,540,243
mcdonalds388.jpg,810,729,mcdonalds,350,470,487,576
audi268.jpg,716,401,audi,489,60,571,94
apple128.jpg,597,374,apple,277,136,318,183
a463.jpg,784,784,nike,175,355,424,487
audi422.jpg,640,480,audi,349,271,429,306
audi386.jpg,750,750,audi,307,335,438,389
a265.jpg,280,413,nike,57,200,119,231
apple252.jpg,675,506,apple,578,384,675,476
a366.jpg,480,360,nike,136,168,215,212
mcdonalds254.jpg,422,259,mcdonalds,189,25,236,65
mcdonalds163.jpg,720,432,mcdonalds,490,149,573,227
a494.jpg,275,183,nike,106,129,128,138
apple410.jpg,600,400,apple,63,181,96,237
audi130.jpg,780,439,audi,496,218,572,257
apple164.jpg,600,450,apple,127,247,159,285
audi274.jpg,590,350,audi,197,173,261,205
audi360.jpg,750,562,audi,214,305,293,334
apple100.jpg,624,416,apple,374,108,452,156
a500.jpg,284,178,nike,42,102,101,135
mcdonalds205.jpg,300,300,mcdonalds,119,129,182,181
audi349.jpg,720,405,audi,150,171,196,192
audi155.jpg,800,600,audi,400,149,571,215
apple436.jpg,512,342,apple,81,143,169,210
a427.jpg,225,225,nike,91,165,152,186
a491.jpg,276,183,nike,67,125,132,151
audi116.jpg,580,435,audi,265,246,372,303
a231.jpg,770,480,nike,249,113,331,160
apple102.jpg,640,427,apple,128,133,183,199
mcdonalds129.jpg,870,773,mcdonalds,331,465,474,622
apple193.jpg,540,370,apple,335,110,388,169
audi234.jpg,800,600,audi,353,199,447,233
audi424.jpg,640,426,audi,117,204,190,237
mcdonalds354.jpg,768,432,mcdonalds,184,336,240,389
a298.jpg,310,376,nike,191,94,210,136
audi244.jpg,600,438,audi,272,190,360,229
apple438.jpg,640,360,apple,361,97,414,153
mcdonalds185.jpg,596,596,mcdonalds,259,329,390,429
apple401.jpg,728,409,apple,426,126,472,177
a163.jpg,225,225,nike,27,103,106,131
audi398.jpg,720,405,audi,299,226,426,300
apple333.jpg,675,408,apple,303,152,383,238
apple109.jpg,600,338,apple,71,98,117,136
apple262.jpg,800,450,apple,595,260,641,302
a304.jpg,400,319,nike,193,142,253,175
mcdonalds284.jpg,500,366,mcdonalds,124,79,176,125
mcdonalds339.jpg,194,259,mcdonalds,66,82,104,119
a186.jpg,390,390,nike,284,199,379,235
audi383.jpg,675,675,audi,283,322,398,370
apple147.jpg,600,338,apple,156,210,270,292
a264.jpg,400,592,nike,36,244,227,351
apple410.jpg,600,400,apple,184,122,240,160
audi435.jpg,760,506,audi,327,261,426,294
apple200.jpg,718,538,apple,263,225,349,308
mcdonalds349.jpg,731,485,mcdonalds,174,140,450,399
audi231.jpg,810,456,audi,509,223,590,256
a273.jpg,250,250,nike,44,114,112,141
apple473.jpg,640,427,apple,165,97,232,157
apple118.jpg,660,382,apple,475,29,536,84
a438.jpg,507,354,nike,337,82,436,234
a181.jpg,600,600,nike,437,132,504,273
apple374.jpg,700,466,apple,180,172,271,234
mcdonalds159.jpg,400,400,mcdonalds,115,151,187,213
a462.jpg,550,368,nike,118,137,318,204
a171.jpg,500,500,nike,100,283,261,353
apple264.jpg,675,900,apple,261,321,409,509
a197.jpg,505,505,nike,317,242,418,300
audi340.jpg,810,534,audi,379,269,469,304
audi330.jpg,890,501,audi,362,184,422,208
mcdonalds138.jpg,806,378,mcdonalds,647,250,724,330
audi319.jpg,750,547,audi,627,271,705,325
apple362.jpg,720,405,apple,325,156,384,221
mdonalds201.jpg,350,455,mcdonalds,94,211,216,327
mcdonalds235.jpg,675,375,mcdonalds,300,136,369,196
apple161.jpg,640,427,apple,203,122,260,170
apple368.jpg,735,490,apple,316,185,392,270
audi227.jpg,675,366,audi,549,190,605,216
apple439.jpg,640,360,apple,309,70,360,125
audi149.jpg,832,588,audi,356,305,469,354
a355.jpg,450,450,nike,80,212,222,267
audi358.jpg,528,396,audi,226,173,310,215
apple412.jpg,640,391,apple,350,139,419,193
mcdonalds310.jpg,675,353,mcdonalds,311,181,368,240
a216.jpg,500,221,nike,70,85,285,158
mcdonalds279.jpg,550,309,mcdonalds,483,28,522,59
audi375.jpg,810,456,audi,214,247,288,274
audi137.jpg,788,521,audi,348,272,443,320
apple348.jpg,810,810,apple,330,337,494,531
mcdonalds259.jpg,750,406,mcdonalds,336,1,744,346
apple367.jpg,844,422,apple,365,136,456,222
a182.jpg,800,800,nike,383,577,439,635
mcdonalds224.jpg,0,0,mcdonalds,326,225,375,265
mcdonalds379.jpg,675,379,mcdonalds,139,201,197,252
apple250.jpg,841,1125,apple,301,398,539,655
a205.jpg,500,500,nike,35,237,235,308
a431.jpg,275,183,nike,162,94,225,134
audi103.jpg,580,435,audi,180,252,252,281
a310.jpg,800,644,nike,265,131,354,387
a388.jpg,300,443,nike,26,164,80,246
apple258.jpg,768,432,apple,348,139,446,207
apple164.jpg,600,450,apple,129,70,162,104
audi450.jpg,800,533,audi,374,316,491,363
apple442.jpg,600,338,apple,224,78,264,125
mcdonalds264.jpg,675,506,mcdonalds,187,80,258,142
mcdonalds318.jpg,650,488,mcdonalds,150,238,215,289
a496.jpg,480,480,nike,115,127,231,239
a376.jpg,570,400,nike,151,201,316,267
audi315.jpg,731,536,audi,240,99,312,139
apple309.jpg,735,490,apple,423,155,500,258
a356.jpg,225,225,nike,22,98,88,132
mcdonalds381.jpg,768,752,mcdonalds,341,282,426,350
audi310.jpg,800,600,audi,571,306,662,348
a285.jpg,500,500,nike,60,218,206,306
apple231.jpg,675,506,apple,449,201,517,293
audi408.jpg,681,511,audi,294,240,392,280
a245.jpg,445,445,nike,30,206,193,270
apple426.jpg,600,400,apple,456,154,499,211
apple114.jpg,630,420,apple,340,97,388,141
apple330.jpg,683,512,apple,299,221,373,290
apple304.jpg,600,800,apple,205,302,341,475
apple103.jpg,702,600,apple,251,226,307,296
apple179.jpg,640,360,apple,178,103,234,161
audi214.jpg,720,478,audi,390,241,489,284
apple146.jpg,480,480,apple,238,150,285,196
mcdonalds175.jpg,649,365,mcdonalds,282,177,348,226
a498.jpg,700,468,nike,298,151,433,199
a434.jpg,268,268,nike,93,189,131,206
mcdonalds272.jpg,731,488,mcdonalds,497,143,673,290
a450.jpg,528,396,nike,156,100,219,191
a384.jpg,800,800,nike,359,357,706,486
audi299.jpg,856,509,audi,80,269,155,306
apple211.jpg,600,532,apple,432,218,503,306
audi221.jpg,720,480,audi,177,74,634,411
a488.jpg,325,451,nike,110,302,150,333
apple238.jpg,660,450,apple,144,118,177,160
apple288.jpg,750,563,apple,318,211,420,328
a237.jpg,570,570,nike,285,271,472,344
apple96.jpg,638,638,apple,193,100,328,255
a313.jpg,480,360,nike,297,190,444,290
audi147.jpg,640,480,audi,429,180,493,212
a426.jpg,660,320,nike,523,80,623,183
audi334.jpg,640,480,audi,264,264,388,315
apple449.jpg,650,325,apple,305,84,385,162
audi279.jpg,864,648,audi,390,326,461,358
mdonalds204.jpg,739,1023,mcdonalds,247,584,510,788
audi260.jpg,826,465,audi,310,252,380,279
a260.jpg,168,300,nike,81,57,125,125
mcdonalds151.jpg,425,331,mcdonalds,193,118,239,156
apple300.jpg,640,480,apple,300,178,391,285
mcdonalds356.jpg,844,562,mcdonalds,692,186,771,252
audi120.jpg,580,435,audi,242,235,339,276
audi407.jpg,0,0,audi,322,342,458,397
mcdonalds251.jpg,750,422,mcdonalds,428,39,481,101
mcdonalds274.jpg,712,460,mcdonalds,1,51,133,184
a423.jpg,500,217,nike,321,57,485,137
a191.jpg,240,240,nike,160,108,221,142
a334.jpg,300,450,nike,78,210,140,239
apple105.jpg,640,360,apple,435,102,486,147
audi166.jpg,759,507,audi,315,244,437,291
mcdonalds251.jpg,750,422,mcdonalds,207,170,268,242
apple112.jpg,500,282,apple,67,53,118,103
apple475.jpg,678,573,apple,455,100,535,209
a166.jpg,225,225,nike,25,101,99,158
apple287.jpg,664,551,apple,268,223,374,307
mcdonalds103.jpg,702,698,mcdonalds,94,307,329,552
a425.jpg,750,1000,nike,212,583,327,916
apple95.jpg,640,360,apple,165,154,223,190
mcdonalds126.jpg,686,602,mcdonalds,405,244,478,331
a151.jpg,488,488,nike,70,202,122,259
mcdonalds323.jpg,620,349,mcdonalds,357,117,436,228
a261.jpg,900,900,nike,480,476,829,900
apple161.jpg,640,427,apple,390,113,437,176
mcdonalds265.jpg,620,350,mcdonalds,17,6,85,68
audi134.jpg,720,405,audi,372,109,640,225
a137.jpg,875,875,nike,99,379,489,538
audi193.jpg,702,405,audi,283,182,393,230
a317.jpg,259,194,nike,53,41,115,119
mcdonalds362.jpg,744,1024,mcdonalds,298,378,437,486
mcdonalds120.jpg,683,1024,mcdonalds,335,269,469,409
a495.jpg,550,340,nike,104,83,140,110
mcdonalds326.jpg,650,366,mcdonalds,377,184,439,237
a360.jpg,201,251,nike,94,132,171,164
mcdonalds211.jpg,750,1000,mcdonalds,347,629,496,772
mcdonalds361.jpg,768,692,mcdonalds,370,269,441,327
mcdonalds309.jpg,675,353,mcdonalds,375,62,444,117
a213.jpg,432,432,nike,67,171,224,249
audi198.jpg,720,405,audi,359,218,454,263
audi99.jpg,580,435,audi,254,243,305,261
audi162.jpg,800,640,audi,321,340,451,392
mcdonalds140.jpg,680,510,mcdonalds,172,117,240,179
apple413.jpg,600,400,apple,184,106,236,160
audi328.jpg,720,405,audi,153,184,237,233
audi109.jpg,580,435,audi,387,225,447,253
a469.jpg,750,422,nike,307,394,333,407
a199.jpg,600,900,nike,402,332,559,415
mcdonalds386.jpg,720,405,mcdonalds,332,157,375,192
mcdonalds351.jpg,630,410,mcdonalds,186,149,271,215
a209.jpg,251,201,nike,53,87,136,127
a362.jpg,500,500,nike,238,250,353,303
apple260.jpg,675,380,apple,244,153,297,220
audi359.jpg,528,396,audi,219,256,299,294
mcdonalds169.jpg,720,406,mcdonalds,319,203,391,265
mcdonalds301.jpg,720,405,mcdonalds,49,104,236,282
a349.jpg,500,280,nike,73,97,225,202
mcdonalds248.jpg,615,297,mcdonalds,422,30,516,116
apple336.jpg,720,405,apple,482,184,563,262
a152.jpg,225,225,nike,45,91,84,126
audi118.jpg,600,449,audi,234,249,299,279
a361.jpg,300,300,nike,61,153,84,177
apple207.jpg,800,450,apple,424,210,487,292
mcdonalds230.jpg,722,300,mcdonalds,151,116,204,160
audi373.jpg,730,410,audi,124,218,186,243
apple142.jpg,500,332,apple,246,59,286,89
apple105.jpg,640,360,apple,154,102,185,142
apple172.jpg,590,590,apple,229,116,351,236
apple131.jpg,746,500,apple,385,267,519,400
a490.jpg,540,540,nike,398,225,517,278
audi218.jpg,825,500,audi,81,79,750,404
mcdonalds342.jpg,0,0,mcdonalds,118,101,211,198
mcdonalds242.jpg,600,400,mcdonalds,88,237,187,331
mcdonalds214.jpg,720,405,mcdonalds,288,179,387,261
audi434.jpg,580,435,audi,248,330,330,364
audi326.jpg,800,599,audi,370,254,457,287
a369.jpg,800,256,nike,125,145,178,168
audi146.jpg,580,435,audi,243,219,344,256
mcdonalds89.jpg,768,432,mcdonalds,302,225,426,332
audi222.jpg,720,405,audi,135,209,201,248
audi275.jpg,800,483,audi,599,149,658,182
mcdonalds204.jpg,793,485,mcdonalds,110,212,160,254
audi381.jpg,754,1004,audi,313,499,446,562
apple286.jpg,675,380,apple,225,147,300,208
audi352.jpg,580,435,audi,254,256,317,284
audi199.jpg,720,478,audi,395,240,481,284
audi395.jpg,720,360,audi,355,82,455,149
apple137.jpg,600,338,apple,348,147,398,197
mcdonalds217.jpg,731,538,mcdonalds,413,153,477,210
a370.jpg,660,371,nike,337,81,403,180
audi169.jpg,500,402,audi,223,156,299,187
a174.jpg,900,686,nike,414,212,612,459
audi249.jpg,810,540,audi,364,242,453,278
mcdonalds102.jpg,750,750,mcdonalds,80,411,198,517
audi94.jpg,515,385,audi,226,218,286,240
a226.jpg,600,800,nike,291,217,457,463
mcdonalds134.jpg,675,717,mcdonalds,413,282,596,477
mcdonalds382.jpg,0,0,mcdonalds,176,207,273,286
audi410.jpg,800,664,audi,340,378,491,438
apple279.jpg,675,675,apple,305,287,373,384
apple423.jpg,750,500,apple,343,132,419,221
a130.jpg,600,600,nike,246,258,472,349
mcdonalds111.jpg,800,600,mcdonalds,460,335,584,443
mcdonalds336.jpg,768,432,mcdonalds,107,210,313,396
audi187.jpg,768,512,audi,522,275,596,305
a126.jpg,489,489,nike,271,248,363,319
a402.jpg,276,183,nike,155,74,196,116
apple343.jpg,660,397,apple,400,160,469,217
apple159.jpg,600,400,apple,299,124,355,177
mcdonalds257.jpg,675,506,mcdonalds,327,151,396,210
apple358.jpg,640,640,apple,265,158,414,318
audi163.jpg,675,489,audi,284,241,393,282
a218.jpg,301,167,nike,22,67,111,109
a189.jpg,500,500,nike,31,248,209,331
a448.jpg,528,396,nike,227,189,320,239
audi389.jpg,720,405,audi,273,261,391,307
mcdonalds222.jpg,675,375,mcdonalds,299,137,372,193
apple410.jpg,600,400,apple,323,83,361,129
mcdonalds233.jpg,844,562,mcdonalds,377,248,443,308
apple474.jpg,396,292,apple,239,44,287,92
mcdonalds176.jpg,600,600,mcdonalds,78,222,231,370
mcdonalds352.jpg,0,0,mcdonalds,136,165,191,214
a193.jpg,500,500,nike,244,227,413,297
apple113.jpg,780,536,apple,31,357,107,412
audi445.jpg,844,474,audi,552,243,634,278
apple377.jpg,675,506,apple,462,292,520,357
mcdonalds245.jpg,750,750,mcdonalds,306,174,481,295
a378.jpg,275,183,nike,41,108,117,139
audi243.jpg,660,371,audi,347,170,415,199
a347.jpg,270,270,nike,31,90,108,131
apple276.jpg,768,432,apple,324,124,427,207
audi246.jpg,580,435,audi,261,254,334,284
a323.jpg,287,430,nike,81,272,171,311
audi430.jpg,660,330,audi,442,164,500,187
apple138.jpg,785,464,apple,268,199,341,250
apple149.jpg,690,435,apple,311,210,382,286
audi425.jpg,678,450,audi,291,146,385,188
mcdonalds101.jpg,675,540,mcdonalds,287,331,354,389
a270.jpg,500,685,nike,160,452,286,508
a110.jpg,900,720,nike,304,327,551,465
apple177.jpg,704,382,apple,343,98,419,174
apple422.jpg,600,338,apple,296,138,374,225
a181.jpg,600,600,nike,203,327,320,394
a292.jpg,780,548,nike,404,346,445,376
mcdonalds116.jpg,675,450,mcdonalds,277,266,398,376
mcdonalds327.jpg,675,490,mcdonalds,102,282,180,357
apple112.jpg,500,282,apple,216,53,265,105
apple419.jpg,750,375,apple,403,125,469,190
mcdonalds117.jpg,720,344,mcdonalds,442,162,525,246
mcdonalds273.jpg,720,398,mcdonalds,469,84,555,161
apple457.jpg,504,378,apple,412,98,446,137
mcdonalds293.jpg,844,562,mcdonalds,695,155,766,273
mcdonalds207.jpg,718,1077,mcdonalds,302,565,434,675
mcdonalds240.jpg,660,340,mcdonalds,367,115,432,182
mcdonalds201.jpg,759,506,mcdonalds,351,227,412,282
a228.jpg,663,663,nike,270,255,423,379
a129.jpg,295,295,nike,25,130,125,190
audi257.jpg,675,506,audi,115,284,205,337
a257.jpg,250,250,nike,120,148,144,165
mcdonalds289.jpg,608,342,mcdonalds,420,124,445,163
a187.jpg,390,390,nike,105,83,244,153
apple361.jpg,640,640,apple,187,325,245,417
mcdonalds133.jpg,670,371,mcdonalds,377,22,553,128
apple424.jpg,728,485,apple,337,139,397,202
apple318.jpg,770,433,apple,346,149,409,227
apple332.jpg,844,475,apple,368,199,443,293
apple242.jpg,720,338,apple,321,187,418,262
mcdonalds338.jpg,675,465,mcdonalds,180,255,264,321
audi400.jpg,720,405,audi,286,250,410,303
a276.jpg,295,195,nike,46,68,129,118
a175.jpg,395,270,nike,231,105,335,196
mcdonalds337.jpg,550,412,mcdonalds,319,46,372,95
apple355.jpg,600,800,apple,173,322,378,518
mcdonalds328.jpg,675,513,mcdonalds,214,303,279,355
mcdonalds314.jpg,720,404,mcdonalds,446,197,504,255
apple281.jpg,488,488,apple,202,176,292,280
audi141.jpg,729,506,audi,295,233,408,272
audi210.jpg,650,366,audi,238,189,320,219
mcdonalds93.jpg,640,360,mcdonalds,278,220,390,321
a432.jpg,750,497,nike,59,208,269,332
a379.jpg,275,183,nike,59,65,137,90
apple223.jpg,600,600,apple,337,223,447,322
a104.jpg,900,720,nike,181,319,513,451
apple219.jpg,844,844,apple,355,327,500,465
a387.jpg,259,194,nike,171,73,232,125
apple110.jpg,480,320,apple,307,64,344,110
apple107.jpg,640,360,apple,404,135,444,179
mcdonalds398.jpg,300,300,mcdonalds,100,95,207,199
apple164.jpg,600,450,apple,333,246,365,286
apple274.jpg,750,424,apple,510,147,588,230
apple292.jpg,810,405,apple,370,167,449,240
a136.jpg,800,800,nike,397,358,651,453
apple184.jpg,640,360,apple,546,228,580,272
apple411.jpg,735,489,apple,329,120,402,194
a268.jpg,500,500,nike,320,213,482,292
pokemon-mcflurry-74.jpg,640,428,mcdonalds,85,227,132,262
audi291.jpg,800,535,audi,331,211,471,255
apple369.jpg,640,427,apple,238,155,287,230
audi324.jpg,768,576,audi,484,135,563,168
mcdonalds287.jpg,615,409,mcdonalds,185,92,230,134
apple171.jpg,674,526,apple,276,138,353,191
audi148.jpg,832,588,audi,353,283,482,331
a439.jpg,660,320,nike,396,172,540,267
mcdonalds218.jpg,810,382,mcdonalds,518,182,579,234
mcdonalds141.jpg,806,378,mcdonalds,641,249,727,328
audi186.jpg,675,338,audi,397,160,455,177
audi276.jpg,800,533,audi,151,345,237,387
audi191.jpg,720,405,audi,325,250,401,278
audi209.jpg,720,405,audi,223,194,293,223
mcdonalds94.jpg,720,405,mcdonalds,99,294,249,402
apple427.jpg,782,521,apple,382,116,480,194
audi394.jpg,720,621,audi,337,324,461,381
mcdonalds150.jpg,767,525,mcdonalds,562,104,648,171
mcdonalds293.jpg,844,562,mcdonalds,10,5,226,230
mcdonalds197.jpg,750,563,mcdonalds,414,322,524,390
apple409.jpg,512,288,apple,315,144,359,189
mcdonalds95.jpg,720,405,mcdonalds,409,275,504,340
apple405.jpg,735,465,apple,489,214,555,279
mcdonalds332.jpg,650,400,mcdonalds,141,189,194,245
mcdonalds358.jpg,870,523,mcdonalds,392,216,472,290
audi255.jpg,716,522,audi,295,134,401,174
a441.jpg,325,451,nike,45,290,171,332
mcdonalds327.jpg,675,490,mcdonalds,472,5,651,167
mcdonalds204.jpg,793,485,mcdonalds,375,209,426,258
audi270.jpg,640,359,audi,402,188,468,214
audi208.jpg,844,633,audi,364,367,496,420
apple121.jpg,500,282,apple,62,54,98,103
apple345.jpg,770,578,apple,280,137,456,289
mcdonalds210.jpg,750,375,mcdonalds,295,104,360,209
apple406.jpg,660,372,apple,369,89,420,136
apple425.jpg,600,338,apple,91,92,152,137
a275.jpg,270,270,nike,39,96,128,152
a393.jpg,780,780,nike,138,315,335,448
mcdonalds331.jpg,620,350,mcdonalds,407,126,489,189
mcdonalds149.jpg,660,340,mcdonalds,364,116,433,181
audi110.JPG,600,450,audi,299,223,384,261
a392.jpg,276,183,nike,76,48,130,75
a454.jpg,500,500,nike,211,309,310,345
apple153.jpg,585,355,apple,102,105,170,149
a358.jpg,908,510,nike,738,345,815,366
a371.jpg,300,168,nike,181,67,210,105
apple283.jpg,844,474,apple,340,159,440,226
a447.jpg,528,396,nike,294,194,312,215
apple462.jpg,618,386,apple,384,74,450,128
a341.jpg,378,518,nike,81,390,206,439
a124.jpg,450,450,nike,33,205,142,268
mcdonalds270.jpg,696,522,mcdonalds,357,1,584,249
a296.jpg,448,358,nike,105,191,233,233
audi139.jpg,722,542,audi,275,239,442,307
audi348.jpg,750,500,audi,310,251,437,303
a470.jpg,300,168,nike,128,79,148,119
apple356.jpg,810,810,apple,342,290,523,462
audi170.jpg,528,396,audi,210,237,311,277
apple415.jpg,640,360,apple,382,126,420,165
audi303.jpg,668,466,audi,160,266,223,294
a242.jpg,300,237,nike,42,87,120,155
apple310.jpg,844,422,apple,355,125,451,212
audi240.jpg,675,450,audi,487,243,556,276
a331.jpg,225,225,nike,194,160,213,177
apple109.jpg,600,338,apple,206,84,247,125
a465.jpg,275,183,nike,42,30,62,89
apple134.jpg,750,500,apple,197,181,276,277
apple183.jpg,720,480,apple,321,130,384,220
apple129.jpg,640,359,apple,319,117,382,178
mcdonalds196.jpg,750,563,mcdonalds,262,337,429,485
audi362.jpg,620,414,audi,279,233,359,266
a271.jpg,275,183,nike,90,100,131,126
apple371.jpg,675,506,apple,447,249,509,298
apple123.jpg,770,577,apple,510,238,639,330
a404.jpg,276,183,nike,105,82,135,94
a392.jpg,276,183,nike,172,51,218,107
mcdonalds377.jpg,640,428,mcdonalds,490,241,560,298
mcdonalds100.jpg,620,350,mcdonalds,64,206,135,263
mcdonalds357.jpg,0,0,mcdonalds,156,139,227,196
mcdonalds340.jpg,675,490,mcdonalds,493,159,627,308
audi404.jpg,720,540,audi,277,277,422,337
audi322.jpg,640,640,audi,276,415,357,452
audi151.jpg,675,477,audi,287,239,382,273
mcdonalds156.jpg,510,340,mcdonalds,235,256,257,273
mcdonalds182.jpg,678,381,mcdonalds,312,135,389,199
apple102.jpg,640,427,apple,290,120,352,179
mcdonalds317.jpg,650,366,mcdonalds,393,146,465,210
mcdonalds228.jpg,480,512,mcdonalds,217,426,273,464
a220.jpg,470,470,nike,21,169,121,262
apple444.jpg,620,330,apple,235,12,333,75
a459.jpg,300,225,nike,179,123,266,161
apple291.jpg,675,380,apple,148,170,214,237
apple341.jpg,750,422,apple,314,334,406,422
audi161.jpg,720,540,audi,301,261,421,309
audi202.jpg,620,414,audi,280,233,360,269
a225.jpg,500,500,nike,305,204,460,283
a250.jpg,225,225,nike,69,130,130,153
a483.jpg,200,200,nike,95,124,109,167
audi363.jpg,768,512,audi,541,300,608,324
a287.jpg,600,900,nike,170,159,245,275
a474.jpg,259,194,nike,214,72,251,101
apple164.jpg,600,450,apple,443,158,483,191
a449.jpg,528,396,nike,311,188,368,222
apple194.jpg,720,480,apple,337,141,387,204
mcdonalds234.jpg,675,375,mcdonalds,297,153,387,226
a414.jpg,528,396,nike,91,156,228,225
audi154.jpg,759,507,audi,332,314,418,346
a231.jpg,770,480,nike,403,205,473,271
apple282.jpg,844,474,apple,555,161,594,207
apple210.jpg,675,380,apple,153,163,214,241
mcdonalds322.jpg,652,367,mcdonalds,67,28,173,97
mcdonalds188.jpg,750,563,mcdonalds,412,321,530,389
audi235.jpg,844,706,audi,360,147,525,212
mcdonalds286.jpg,800,533,mcdonalds,339,245,393,294
mcdonalds215.jpg,0,0,mcdonalds,325,222,374,265
audi225.jpg,864,576,audi,329,278,518,347
apple143.jpg,720,481,apple,326,153,385,213
a487.jpg,194,259,nike,16,97,83,143
apple124.jpg,480,270,apple,333,52,363,96
apple377.jpg,675,506,apple,128,243,185,305
apple474.jpg,396,292,apple,106,54,158,90
mcdonalds316.jpg,403,500,mcdonalds,60,354,132,415
a435.jpg,292,292,nike,205,183,229,221
audi292.jpg,810,506,audi,288,262,360,302
a346.jpg,512,512,nike,143,209,166,247
a235.jpg,570,570,nike,102,212,190,319
apple285.jpg,800,450,apple,598,192,671,278
mcdonalds232.jpg,759,610,mcdonalds,366,94,423,150
a333.jpg,640,640,nike,323,354,430,410
audi397.jpg,720,405,audi,297,181,409,227
a435.jpg,292,292,nike,106,221,141,236
a164.jpg,225,224,nike,38,81,94,128
apple168.jpg,640,360,apple,393,96,440,149
apple217.jpg,844,660,apple,357,267,479,378
apple228.jpg,640,640,apple,285,196,400,294
mcdonalds386.jpg,720,405,mcdonalds,57,155,98,187
apple452.jpg,752,395,apple,363,101,412,165
audi355.jpg,750,525,audi,56,59,663,444
audi339.jpg,674,380,audi,401,193,483,228
audi220.jpg,712,326,audi,8,22,697,297
a118.jpg,225,225,nike,139,97,213,133
a186.jpg,390,390,nike,44,275,212,338
apple102.jpg,640,427,apple,480,100,529,159
audi226.jpg,626,382,audi,261,288,370,331
apple192.jpg,600,334,apple,277,86,324,135
audi200.jpg,675,338,audi,260,245,406,316
mcdonalds289.jpg,608,342,mcdonalds,295,146,340,195
mcdonalds395.jpg,731,538,mcdonalds,315,208,384,264
audi258.jpg,600,500,audi,246,282,348,323
apple470.jpg,640,455,apple,425,94,492,147
mcdonalds384.jpg,720,405,mcdonalds,342,116,401,167
apple234.jpg,750,750,apple,519,298,645,437
apple468.jpg,637,478,apple,396,112,457,174
audi224.jpg,688,456,audi,376,251,463,284
apple201.jpg,776,674,apple,338,252,445,348
apple237.jpg,844,660,apple,403,258,478,372
audi302.jpg,760,506,audi,432,265,504,296
mcdonalds279.jpg,550,309,mcdonalds,92,38,130,68
audi237.jpg,750,518,audi,516,132,590,177
apple186.jpg,504,378,apple,95,167,259,292
apple351.jpg,614,460,apple,281,116,424,271
audi272.jpg,600,300,audi,158,139,223,163
a252.jpg,800,687,nike,429,217,674,314
a188.jpg,500,234,nike,41,69,203,152
mcdonalds351.jpg,630,410,mcdonalds,367,269,425,316
mcdonalds276.jpg,675,354,mcdonalds,207,101,261,155
apple312.jpg,742,494,apple,242,147,354,225
a274.jpg,500,500,nike,55,225,237,300
audi201.jpg,639,480,audi,118,230,269,291
audi290.jpg,675,450,audi,285,202,402,246
a286.jpg,240,240,nike,19,95,83,139
a322.jpg,512,512,nike,65,251,140,298
audi418.jpg,268,188,audi,110,97,153,112
a131.jpg,600,600,nike,241,234,539,363
a269.jpg,470,470,nike,59,202,212,281
mcdonalds305.jpg,832,555,mcdonalds,92,249,203,351
mcdonalds350.jpg,600,435,mcdonalds,254,183,342,263
apple320.jpg,675,353,apple,448,156,502,227
mcdonalds81.jpg,370,256,mcdonalds,265,144,320,204
apple469.jpg,600,600,apple,125,158,190,231
a295.jpg,900,622,nike,461,277,744,381
a249.jpg,620,620,nike,274,355,437,406
apple418.jpg,640,360,apple,375,96,431,145
apple338.jpg,620,400,apple,322,142,385,225
apple435.jpg,512,342,apple,44,151,154,224
mcdonalds105.jpg,0,0,mcdonalds,229,230,305,302
mcdonalds226.jpg,866,1390,mcdonalds,267,533,621,905
mcdonalds107.jpg,670,446,mcdonalds,281,200,382,295
audi391.jpg,766,714,audi,303,376,448,432
apple378.jpg,675,506,apple,80,257,118,303
apple93.jpg,640,360,apple,285,76,346,130
apple441.jpg,675,900,apple,236,251,323,381
apple462.jpg,618,386,apple,259,111,318,163
audi91.jpg,528,396,audi,232,235,281,254
apple175.jpg,600,450,apple,337,260,416,344
apple414.jpg,480,270,apple,326,62,368,107
apple271.jpg,720,405,apple,159,136,264,226
a407.jpg,276,183,nike,39,128,80,150
apple196.jpg,600,450,apple,86,170,133,217
audi102.jpg,640,480,audi,309,342,395,377
a368.jpg,500,500,nike,133,190,183,233
mcdonalds150.jpg,767,525,mcdonalds,140,184,197,229
a385.jpg,185,272,nike,119,160,159,197
apple373.jpg,810,608,apple,334,209,468,361
a329.jpg,500,500,nike,50,198,285,306
apple298.jpg,720,405,apple,450,121,521,213
apple153.jpg,585,355,apple,445,117,478,155
apple301.jpg,183,275,apple,71,104,115,157
apple142.jpg,500,332,apple,124,102,166,142
apple308.jpg,825,825,apple,450,303,566,471
audi318.jpg,830,467,audi,548,255,625,283
mcdonalds136.jpg,600,600,mcdonalds,374,416,505,548
a289.jpg,510,340,nike,169,181,247,229
a395.jpg,450,356,nike,215,208,329,254
a412.jpg,550,550,nike,275,321,374,448
a335.jpg,292,292,nike,101,180,122,192
a486.jpg,528,396,nike,201,67,294,103
mcdonalds168.jpg,800,533,mcdonalds,501,313,578,364
mcdonalds243.jpg,675,490,mcdonalds,584,255,621,307
apple108.jpg,640,360,apple,180,69,240,141
audi325.jpg,864,648,audi,298,329,469,402
mcdonalds184.jpg,0,0,mcdonalds,290,568,505,726
mcdonalds115.jpg,359,478,mcdonalds,134,309,228,389
mcdonalds307.jpg,731,538,mcdonalds,73,124,160,165
apple421.jpg,750,375,apple,430,110,493,173
apple160.jpg,640,453,apple,261,131,333,197
mcdonalds267.jpg,0,0,mcdonalds,320,31,513,208
audi104.jpg,640,480,audi,270,150,383,197
a471.jpg,738,406,nike,454,159,507,247
audi263.jpg,768,512,audi,338,205,438,245
a150.jpg,500,500,nike,337,221,439,297
apple455.jpg,512,274,apple,266,186,305,216
a299.jpg,455,455,nike,52,211,251,265
apple204.jpg,615,346,apple,404,146,462,200
mcdonalds194.jpg,0,0,mcdonalds,252,172,334,227
mcdonalds232.jpg,759,610,mcdonalds,186,285,291,378
mcdonalds323.jpg,620,349,mcdonalds,120,31,221,73
mcdonalds391.jpg,480,480,mcdonalds,286,265,348,320
audi288.jpg,660,369,audi,83,85,564,275
a389.jpg,194,259,nike,85,121,113,209
a262.jpg,367,420,nike,220,176,330,248
apple426.jpg,600,400,apple,230,63,287,107
a160.jpg,500,306,nike,29,63,140,181
audi175.jpg,720,540,audi,525,282,599,316
apple344.jpg,768,488,apple,524,196,594,290
mcdonalds244.jpg,810,456,mcdonalds,220,153,282,210
apple319.jpg,775,500,apple,333,179,472,297
a321.jpg,700,700,nike,425,379,478,422
audi282.jpg,755,480,audi,523,251,592,284
mcdonalds246.jpg,768,1024,mcdonalds,627,700,737,806
apple262.jpg,800,450,apple,425,151,467,193
mcdonalds145.jpg,600,450,mcdonalds,70,260,132,317
apple456.jpg,596,488,apple,414,104,481,187
a369.jpg,800,256,nike,667,145,711,164
audi365.jpg,768,512,audi,325,220,449,272
apple206.jpg,740,416,apple,326,164,426,259
mcdonalds250.jpg,802,572,mcdonalds,561,108,690,219
audi337.jpg,620,414,audi,278,231,360,264
audi206.jpg,864,864,audi,368,409,502,466
audi124.jpg,640,360,audi,233,146,339,193
audi251.jpg,843,562,audi,362,83,487,124
a266.jpg,240,240,nike,97,105,226,146
audi388.jpg,581,436,audi,240,220,323,254
audi111.jpg,580,435,audi,284,191,387,236
audi412.jpg,630,305,audi,278,167,358,199
a451.jpg,300,300,nike,147,141,237,180
apple313.jpg,640,640,apple,309,234,407,332
a149.jpg,500,500,nike,314,215,449,271
a300.jpg,674,674,nike,386,284,601,370
apple436.jpg,512,342,apple,338,67,412,130
apple166.jpg,720,395,apple,336,69,403,137
mcdonalds255.jpg,550,412,mcdonalds,86,55,185,140
apple141.jpg,580,330,apple,423,127,461,164
a142.jpg,225,225,nike,45,95,129,134
mcdonalds86.jpg,810,506,mcdonalds,107,95,273,222
apple354.jpg,750,500,apple,307,123,440,232
apple282.jpg,844,474,apple,257,195,336,269
apple450.jpg,782,521,apple,397,228,490,345
a368.jpg,500,500,nike,289,262,336,292
audi140.jpg,640,480,audi,279,230,378,271
mcdonalds312.jpg,868,446,mcdonalds,559,273,686,350
audi321.jpg,580,435,audi,266,309,330,332
mcdonalds366.jpg,0,0,mcdonalds,178,212,258,286
audi301.jpg,656,400,audi,466,248,532,273
apple327.jpg,810,540,apple,358,229,430,317
a185.jpg,224,224,nike,44,114,128,174
mcdonalds174.jpg,600,360,mcdonalds,281,195,329,236
mdonalds200.jpg,768,768,mcdonalds,283,394,517,591
a383.jpg,800,534,nike,362,111,576,186
apple155.jpg,600,400,apple,274,82,324,143
mcdonalds119.jpg,802,537,mcdonalds,373,257,441,313
apple182.jpg,600,412,apple,307,219,420,383
apple98.jpg,525,630,apple,221,151,327,238
audi379.jpg,750,705,audi,301,323,438,391
audi261.jpg,735,413,audi,317,183,419,223
apple233.jpg,675,506,apple,306,213,397,296
audi262.jpg,712,534,audi,369,220,448,261
audi168.jpg,750,563,audi,310,301,434,349
mcdonalds303.jpg,750,500,mcdonalds,146,63,272,127
mcdonalds221.jpg,810,810,mcdonalds,337,367,476,495
apple380.jpg,775,500,apple,331,189,412,266
apple118.jpg,660,382,apple,253,168,325,220
apple148.jpg,750,562,apple,446,166,527,226
audi126.jpg,750,450,audi,237,196,352,247
apple231.jpg,675,506,apple,169,209,273,298
a306.jpg,800,530,nike,252,226,370,319
apple229.jpg,675,450,apple,301,184,371,257
mcdonalds260.jpg,380,380,mcdonalds,43,6,126,99
audi342.jpg,628,393,audi,433,225,498,254
a495.jpg,550,340,nike,292,288,332,314
mcdonalds370.jpg,0,0,mcdonalds,209,196,265,242
mcdonalds101.jpg,675,540,mcdonalds,189,218,244,271
a312.jpg,300,300,nike,141,134,280,183
mcdonalds393.jpg,750,734,mcdonalds,267,444,472,573
a212.jpg,435,572,nike,37,235,195,308
a474.jpg,259,194,nike,35,66,107,92
audi121.jpg,580,435,audi,246,243,325,280
apple454.jpg,600,400,apple,342,194,426,289
mcdonalds285.jpg,675,450,mcdonalds,89,151,170,232
apple379.jpg,709,472,apple,302,170,370,274
mcdonalds90.jpg,731,422,mcdonalds,313,222,470,376
apple475.jpg,678,573,apple,150,109,244,180
audi196.jpg,0,0,audi,311,238,424,281
mcdonalds236.jpg,600,399,mcdonalds,270,144,328,202
audi247.jpg,771,480,audi,80,234,165,283
audi223.jpg,675,450,audi,255,303,403,365
apple249.jpg,560,560,apple,238,234,329,360
a156.jpg,400,400,nike,62,237,161,331
apple205.jpg,740,416,apple,405,160,463,213
apple457.jpg,504,378,apple,281,93,342,143
a453.jpg,532,800,nike,66,400,189,500
a154.jpg,225,225,nike,31,89,95,154
mcdonalds206.jpg,600,779,mcdonalds,240,270,375,382
apple122.jpg,600,399,apple,347,85,421,172
a406.jpg,690,600,nike,216,279,393,381
apple215.jpg,694,590,apple,452,234,540,354
audi174.jpg,844,562,audi,593,308,675,350
a148.jpg,225,225,nike,73,111,115,128
mcdonalds281.jpg,771,506,mcdonalds,415,214,472,283
apple235.jpg,570,513,apple,411,213,479,288
mcdonalds341.jpg,768,1024,mcdonalds,269,562,452,681
a284.jpg,880,487,nike,391,270,489,335
a357.jpg,310,162,nike,172,121,220,141
mcdonalds397.jpg,640,640,mcdonalds,80,190,172,267
apple430.jpg,480,270,apple,316,125,351,160
apple97.jpg,780,764,apple,257,140,379,282
audi143.jpg,664,439,audi,298,234,371,263
audi115.jpg,720,540,audi,187,249,302,307
mcdonalds138.jpg,806,378,mcdonalds,490,261,569,332
apple256.jpg,555,314,apple,358,91,428,157
a283.jpg,318,159,nike,145,42,181,72
apple269.jpg,0,0,apple,206,192,304,295
apple443.jpg,782,593,apple,592,223,654,288
mcdonalds367.jpg,320,293,mcdonalds,144,106,177,133
audi441.jpg,640,480,audi,239,297,309,323
a410.jpg,600,600,nike,116,215,161,346
audi296.jpg,750,563,audi,546,292,617,319
apple157.jpg,526,394,apple,313,111,362,155
mcdonalds335.jpg,750,422,mcdonalds,132,122,297,279
mcdonalds209.jpg,716,1200,mcdonalds,288,485,423,608
a132.jpg,760,1000,nike,62,427,330,586
apple425.jpg,600,338,apple,440,67,498,127
apple470.jpg,640,455,apple,156,92,227,151
apple408.jpg,600,338,apple,150,80,202,121
a282.jpg,880,487,nike,480,181,704,397
apple472.jpg,750,563,apple,238,213,316,282
a405.jpg,660,371,nike,69,89,284,259
apple196.jpg,600,450,apple,267,112,317,170
audi293.jpg,720,405,audi,346,184,425,217
a141.jpg,390,390,nike,90,153,224,228
audi431.jpg,640,359,audi,252,177,300,204
audi295.jpg,675,506,audi,234,264,291,291
a180.jpg,225,225,nike,68,141,128,169
apple197.jpg,638,425,apple,255,142,329,219
mcdonalds172.jpg,720,406,mcdonalds,253,122,319,174
audi112.jpg,528,396,audi,210,190,320,238
apple99.jpg,704,382,apple,304,174,416,374
mcdonalds258.jpg,810,456,mcdonalds,659,199,701,250
mdonalds202.jpg,800,1024,mcdonalds,256,591,568,850
apple181.jpg,759,422,apple,554,96,627,190
audi414.jpg,500,333,audi,203,125,273,148
audi216.jpg,720,405,audi,361,214,452,263
mcdonalds134.jpg,675,717,mcdonalds,136,444,217,530
apple248.jpg,650,844,apple,231,302,421,523
mcdonalds313.jpg,712,475,mcdonalds,319,229,410,363
audi442.jpg,700,470,audi,191,157,271,196
audi250.jpg,800,390,audi,316,139,491,207
mcdonalds81.jpg,370,256,mcdonalds,146,40,205,92
apple135.jpg,640,300,apple,296,115,402,207
a340.jpg,236,236,nike,102,146,176,162
mcdonalds180.jpg,675,506,mcdonalds,168,157,285,240
apple187.jpg,625,469,apple,258,253,360,351
audi436.jpg,810,456,audi,367,266,434,303
a353.jpg,525,375,nike,392,307,402,326
audi378.jpg,450,379,audi,182,240,276,283
mcdonalds368.jpg,0,0,mcdonalds,220,121,297,189
a436.jpg,528,396,nike,173,210,246,278
apple113.jpg,780,536,apple,469,65,549,121
apple347.jpg,844,562,apple,309,204,450,314
audi376.jpg,688,393,audi,100,224,165,269
apple339.jpg,810,540,apple,359,226,431,313
apple158.jpg,620,520,apple,256,118,343,181
mcdonalds139.jpg,702,355,mcdonalds,425,270,520,350
a369.jpg,800,256,nike,310,139,330,155
a206.jpg,500,500,nike,44,210,172,271
apple109.jpg,600,338,apple,486,89,529,135
a352.jpg,620,350,nike,185,154,383,247
